question_id,question_url,Task,Question_Title
77221042,https://stackoverflow.com/questions/77221042/unable-to-install-packages-after-exec-ing-into-container-as-root,1. Runtime Compatibility,Unable to install packages after exec-ing into container as root
76846815,https://stackoverflow.com/questions/76846815/docker-image-looses-user-file-permissions-if-running-on-another-machine,"3. Filesystem, Mount & Storage",Docker image looses user file permissions if running on another machine
76161452,https://stackoverflow.com/questions/76161452/libcontainer-what-happens-after-the-invocation-of-proc-self-exe-init,1. Runtime Compatibility,Libcontainer: What happens after the invocation of /proc/self/exe init
75798292,https://stackoverflow.com/questions/75798292/how-to-copy-files-from-host-to-container-using-ctr-containerd-command-only,"3. Filesystem, Mount & Storage",How to copy files from host to container using ctr Containerd command only?
74903831,https://stackoverflow.com/questions/74903831/how-to-run-wasm-module-with-podman-crun,1. Runtime Compatibility,How to run Wasm module with podman + crun?
73341204,https://stackoverflow.com/questions/73341204/linuxkit-where-is-the-container-running,6. Diagnostics & Observability,Linuxkit where is the container running
70089899,https://stackoverflow.com/questions/70089899/how-to-dump-the-stack-trace-of-runc,6. Diagnostics & Observability,How to dump the stack trace of runc
74317699,https://stackoverflow.com/questions/74317699/runc-how-to-start-stopped-container,1. Runtime Compatibility,runc: how to start stopped container
73434226,https://stackoverflow.com/questions/73434226/oci-runtime-exec-failed-exec-failed-unable-to-start-container-process-open-d,1. Runtime Compatibility,OCI runtime exec failed: exec failed: unable to start container process: open /dev/pts/0: operation not permitted: unknown
66547508,https://stackoverflow.com/questions/66547508/how-to-properly-run-a-container-with-containerds-ctr-using-uidmap-gidmap-and,"4. Identity, Privilege & Isolation",How to properly run a container with containerd's ctr using --uidmap/gidmap and --net-host option
65917162,https://stackoverflow.com/questions/65917162/how-does-oci-runc-system-path-constraining-work-to-prevent-remounting-such-paths,"3. Filesystem, Mount & Storage",How does OCI/runc system path constraining work to prevent remounting such paths?
63752123,https://stackoverflow.com/questions/63752123/joined-process-cannot-write-ns-last-pid-of-the-container,"3. Filesystem, Mount & Storage",joined process cannot write ns_last_pid of the container
62887953,https://stackoverflow.com/questions/62887953/how-to-use-ld-preload-in-container-runc,2. Configuration Management,How to use LD_PRELOAD in container runc
79059510,https://stackoverflow.com/questions/79059510/cannot-create-sandbox-cannot-read-client-sync-file-waiting-for-sandbox-to-star,1. Runtime Compatibility,cannot create sandbox: cannot read client sync file: waiting for sandbox to start: EOF: unknown
78668565,https://stackoverflow.com/questions/78668565/passing-through-dev-mem-into-gvisor-container,"4. Identity, Privilege & Isolation",Passing through /dev/mem into gVisor container
72555998,https://stackoverflow.com/questions/72555998/cant-launch-pod-using-gvisor,6. Diagnostics & Observability,Can't launch pod using gVisor
72392812,https://stackoverflow.com/questions/72392812/debug-logs-are-not-generated-for-sandboxed-container,6. Diagnostics & Observability,Debug logs are not generated for Sandboxed container
69846927,https://stackoverflow.com/questions/69846927/how-to-run-untrusted-code-using-gvisor-on-google-cloud-run,1. Runtime Compatibility,How to run untrusted code using gVisor on Google Cloud Run?
67726666,https://stackoverflow.com/questions/67726666/boostfilesystem-not-working-in-google-cloud-run-using-gvisor,1. Runtime Compatibility,boost::filesystem not working in Google Cloud Run (using gVisor)
67208304,https://stackoverflow.com/questions/67208304/untrusted-workloads-in-kubernetes-with-runsc-hanging,6. Diagnostics & Observability,Untrusted workloads in Kubernetes with runsc - hanging?
64322965,https://stackoverflow.com/questions/64322965/why-might-a-gvisor-based-node-pool-fail-to-bootstrap-properly,6. Diagnostics & Observability,Why might a gvisor based node pool fail to bootstrap properly?
63132692,https://stackoverflow.com/questions/63132692/unable-to-fetch-cpu-pod-metrics-k8s-containerd-containerd-shim-runsc-v1-gv,6. Diagnostics & Observability,"Unable to fetch cpu pod metrics, k8s- containerd - containerd-shim-runsc-v1 - gvisor"
58382208,https://stackoverflow.com/questions/58382208/how-gvisor-can-protect-host-from-dirty-cow-poc,"4. Identity, Privilege & Isolation",How gVisor can protect host from dirty cow PoC?
77827486,https://stackoverflow.com/questions/77827486/imagepullsecrets-has-no-effect-and-authentication-still-required,2. Configuration Management,imagePullSecrets has no effect and authentication still required
74243015,https://stackoverflow.com/questions/74243015/how-to-resolve-kube-proxy-stuck-in-container-creating-state,5. Networking & Connectivity,How to resolve kube-proxy stuck in container creating state?
73029815,https://stackoverflow.com/questions/73029815/not-showing-kubernetes-pods-in-podman,1. Runtime Compatibility,not showing kubernetes pods in podman
72895951,https://stackoverflow.com/questions/72895951/switch-container-runtime-in-k8s-cluster-from-cri-o-to-docker,1. Runtime Compatibility,Switch container runtime in K8S cluster. From CRI-O to docker
72432144,https://stackoverflow.com/questions/72432144/how-to-install-podman-on-top-of-docker-for-build-purposes,1. Runtime Compatibility,How to install podman on top of docker (for build purposes)?
72183367,https://stackoverflow.com/questions/72183367/create-kubectl-secrets-when-pulling-from-private-registry-using-crio,2. Configuration Management,Create kubectl secrets when pulling from private registry using crio
72081603,https://stackoverflow.com/questions/72081603/can-i-install-kubernetes-on-amazon-linux-2,1. Runtime Compatibility,can i install kubernetes on amazon linux 2
71671179,https://stackoverflow.com/questions/71671179/kubernetes-with-cri-o-and-docker-private-registry-pods-running-only-on-master-n,5. Networking & Connectivity,Kubernetes with CRI-O and docker private registry: pods running only on master node
71499683,https://stackoverflow.com/questions/71499683/how-to-export-image-in-cri-o,1. Runtime Compatibility,How to export image in CRI-O?
70714501,https://stackoverflow.com/questions/70714501/how-to-run-crictl-command-as-non-root-user,"4. Identity, Privilege & Isolation",How to run crictl command as non root user
69636534,https://stackoverflow.com/questions/69636534/how-to-get-a-pod-name-and-namespace-on-a-node-running-that-pod,6. Diagnostics & Observability,How to get a pod name and namespace on a node running that pod?
69295491,https://stackoverflow.com/questions/69295491/how-to-mount-volume-without-using-docker,"3. Filesystem, Mount & Storage",How to mount volume without using docker
68660550,https://stackoverflow.com/questions/68660550/crictl-rmi-removing-all-the-images-which-are-in-use,"3. Filesystem, Mount & Storage",crictl rmi removing all the images which are in use
68471241,https://stackoverflow.com/questions/68471241/how-to-enable-https-on-cri-o-socket-metrics,6. Diagnostics & Observability,How to enable https on cri-o socket metrics
66114696,https://stackoverflow.com/questions/66114696/is-it-possible-to-run-wine-in-containerd-kubernetes-cri-o,1. Runtime Compatibility,Is it possible to run wine in containerd/ kubernetes CRI-O?
65970982,https://stackoverflow.com/questions/65970982/what-version-of-software-i-need-to-deploy-to-get-kubernetes-1-19-7,1. Runtime Compatibility,what version of software I need to deploy to get kubernetes 1.19.7
65650082,https://stackoverflow.com/questions/65650082/how-to-start-a-container-in-cri-o-with-only-specifying-the-image-name,1. Runtime Compatibility,How to start a container in cri-o with only specifying the image name?
63515845,https://stackoverflow.com/questions/63515845/retrieve-cri-o-information-using-golang,6. Diagnostics & Observability,Retrieve cri-o information using golang
62874903,https://stackoverflow.com/questions/62874903/crio-runtime-spec-for-oci-v1alpha1-compliance,1. Runtime Compatibility,CRIO runtime spec for OCI v1alpha1 compliance
62675268,https://stackoverflow.com/questions/62675268/kubeadm-v1-18-2-with-crio-version-1-18-2-failing-to-start-master-node-from-priva,2. Configuration Management,kubeadm v1.18.2 with crio version 1.18.2 failing to start master node from private repo on Centos7 / RH7
62408028,https://stackoverflow.com/questions/62408028/kubelet-failed-to-createpodsandbox-for-coredns-failed-to-set-bridge-addr-c,5. Networking & Connectivity,"Kubelet - failed to ""CreatePodSandbox"" for coredns; failed to set bridge addr: could not add ip addr to ""cni0"": permission denied"
61994952,https://stackoverflow.com/questions/61994952/how-do-i-identify-if-a-runc-container-is-running-as-privileged,"4. Identity, Privilege & Isolation",How do I identify if a runc container is running as privileged?
61747480,https://stackoverflow.com/questions/61747480/cri-o-socket-crio-sock-vs-dockershim-socket-dockershim-sock,1. Runtime Compatibility,cri-o socket (crio.sock) vs dockershim socket (dockershim.sock)
61058619,https://stackoverflow.com/questions/61058619/failed-to-create-pod-sandbox-rpc-error-code-unknown-desc-seccomp-is-not-en,2. Configuration Management,"Failed to create pod sandbox: rpc error: code = Unknown desc = seccomp is not enabled in your kernel, cannot run with a profile"
59811664,https://stackoverflow.com/questions/59811664/what-are-good-workflows-for-deploying-podman-buildah-created-container-images-to,1. Runtime Compatibility,What are good workflows for deploying podman/buildah created container images to minikube?
59463038,https://stackoverflow.com/questions/59463038/coredns-cant-start-when-using-crio-and-with-selinux-on,"3. Filesystem, Mount & Storage",coredns can't start when using crio and with selinux on
59161183,https://stackoverflow.com/questions/59161183/how-to-load-a-local-docker-image-in-minikube-running-on-cri-o,1. Runtime Compatibility,How to load a local Docker image in Minikube running on CRI-O?
58429514,https://stackoverflow.com/questions/58429514/use-cri-o-to-run-pod-and-container-when-cgroup-manager-systemd,2. Configuration Management,use cri-o to run pod and container when `cgroup_manager=systemd`
57868351,https://stackoverflow.com/questions/57868351/kubespray-fails-with-found-multiple-cri-sockets-please-use-cri-socket-to-sel,1. Runtime Compatibility,"Kubespray fails with ""Found multiple CRI sockets, please use --cri-socket to select one"""
57824038,https://stackoverflow.com/questions/57824038/kubeadm-compatibility-between-cri-socket-flag-and-init-phase-argument,1. Runtime Compatibility,"kubeadm compatibility between ""--cri-socket"" flag and ""init phase"" argument"
52678769,https://stackoverflow.com/questions/52678769/problem-getting-pods-stats-from-kubelet-and-cri-o,6. Diagnostics & Observability,Problem getting pods stats from kubelet and cri-o
79883241,https://stackoverflow.com/questions/79883241/containerd-in-azure-kubernetes-service,2. Configuration Management,Containerd in Azure Kubernetes Service
79305194,https://stackoverflow.com/questions/79305194/unable-to-pull-image-from-insecure-registry-http-server-gave-http-response-to,5. Networking & Connectivity,"Unable to pull image from insecure registry, http: server gave HTTP response to HTTPS client"
79297389,https://stackoverflow.com/questions/79297389/can-i-access-a-container-in-a-pod-in-an-aks-cluster-as-root,"4. Identity, Privilege & Isolation",Can I access a container in a pod in an AKS cluster as root?
78821163,https://stackoverflow.com/questions/78821163/containerd-extend-network-interface-access-to-dind-container-to-perform-docker,5. Networking & Connectivity,"Containerd, extend network interface/access to DIND container to perform docker pull"
78814823,https://stackoverflow.com/questions/78814823/why-can-ctr-images-list-not-show-images-pulled-by-command-of-crictl-pull,1. Runtime Compatibility,"why can ""ctr images list"" not show images pulled by command of ""crictl pull""?"
78687277,https://stackoverflow.com/questions/78687277/is-there-any-programmatic-way-to-detect-that-a-process-running-under-containerd,6. Diagnostics & Observability,Is there any programmatic way to detect that a process running under containerd has its stdin and stdout closed?
78631941,https://stackoverflow.com/questions/78631941/containerd-client-soci-snapshotter-http-server-gave-http-response-to-https-c,5. Networking & Connectivity,containerd client + soci snapshotter: http: server gave HTTP response to HTTPS client
78631556,https://stackoverflow.com/questions/78631556/error-when-changing-containerd-root-directory-to-nfsshare-mount-point,"3. Filesystem, Mount & Storage",Error when changing containerd root directory to nfsshare mount point
78432931,https://stackoverflow.com/questions/78432931/how-to-show-pull-progress-when-using-go-code-to-pull-containerd-image,6. Diagnostics & Observability,How to show pull progress when using Go code to pull containerd image
78402595,https://stackoverflow.com/questions/78402595/containerd-error-loading-seccomp-filter-into-kernel-in-kubernetes,2. Configuration Management,Containerd error loading seccomp filter into kernel in kubernetes
78400979,https://stackoverflow.com/questions/78400979/how-to-use-grpcurl-with-containerd-sock-pull-image,1. Runtime Compatibility,How to use grpcurl with containerd.sock pull image？
78289599,https://stackoverflow.com/questions/78289599/using-colima-how-can-i-expose-a-containerd-socket-to-the-host,1. Runtime Compatibility,Using Colima how can I expose a containerd socket to the host?
78132064,https://stackoverflow.com/questions/78132064/change-container-image-registry-in-containerd-to-nexus-proxy-repository,2. Configuration Management,change container image registry in containerd to nexus proxy repository
78018481,https://stackoverflow.com/questions/78018481/how-to-check-the-pause-image-download-address,2. Configuration Management,How to check the pause image download address
77878903,https://stackoverflow.com/questions/77878903/container-fs-usage-bytes-metrics-miss-pod-container-label-on-containerd,6. Diagnostics & Observability,container_fs_usage_bytes metrics miss pod/container label on containerd
77663923,https://stackoverflow.com/questions/77663923/cannot-run-an-image-pulled-from-ctr-with-docker,1. Runtime Compatibility,Cannot run an image pulled from ctr with docker
77602468,https://stackoverflow.com/questions/77602468/how-do-i-pull-a-private-docker-image-into-crio,2. Configuration Management,How do I pull a private docker image into crio?
77579349,https://stackoverflow.com/questions/77579349/migrating-from-docker-docker-compose-to-containerd-and-nerdctl,1. Runtime Compatibility,Migrating from docker & docker-compose to containerd and nerdctl
77342162,https://stackoverflow.com/questions/77342162/how-to-configure-containerd-to-use-a-specific-endpoint-in-a-harbor-proxy-cache-r,2. Configuration Management,How to Configure Containerd to Use a Specific Endpoint in a Harbor Proxy Cache Registry
77322868,https://stackoverflow.com/questions/77322868/contained-runtime-configuration-does-not-persist-after-ami-creation,1. Runtime Compatibility,contained runtime configuration does not persist after AMI creation
77179505,https://stackoverflow.com/questions/77179505/jdk-vulnerability-displaying-in-containerd-overlay-snapshot,6. Diagnostics & Observability,jdk vulnerability displaying in containerd overlay snapshot
77122942,https://stackoverflow.com/questions/77122942/kubeadm-upgrade-plan-warning-when-updaten-from-1-23-to-1-24,1. Runtime Compatibility,kubeadm upgrade plan warning when updaten from 1.23 to 1.24
77105577,https://stackoverflow.com/questions/77105577/i-m-facing-drastic-slowness-in-my-web-appa-running-on-containerd-and-kubernetes,6. Diagnostics & Observability,I’m facing drastic slowness in my web Appa running on containerd and kubernetes vs docker
77057367,https://stackoverflow.com/questions/77057367/ctr-pull-always-have-to-specify-registry-explicitly,2. Configuration Management,ctr pull: Always have to specify registry explicitly
77044676,https://stackoverflow.com/questions/77044676/using-docker-image-in-containerd,1. Runtime Compatibility,Using Docker image in containerd
77040211,https://stackoverflow.com/questions/77040211/local-registry-for-kubernetes-cluster-running-with-containerd,1. Runtime Compatibility,Local Registry for Kubernetes cluster running with containerd
76980610,https://stackoverflow.com/questions/76980610/how-can-i-configure-springboot-testcontainers-to-use-containerd-instead-of-docke,1. Runtime Compatibility,How can I configure SpringBoot TestContainers to use containerd instead of docker
76836830,https://stackoverflow.com/questions/76836830/cant-pull-image-from-nexus-repository-when-i-upgrade-kubernetes-cluster-to-v1-24,1. Runtime Compatibility,Cant pull image from nexus repository when i upgrade kubernetes cluster to v1.24
76729881,https://stackoverflow.com/questions/76729881/how-do-i-configure-ctr-to-use-nexus-pull-through-docker-proxy,2. Configuration Management,How do I configure ctr to use Nexus pull through Docker proxy
76703140,https://stackoverflow.com/questions/76703140/how-to-configure-containerd-to-use-aws-ecr,2. Configuration Management,How to configure containerd to use AWS ECR?
76666855,https://stackoverflow.com/questions/76666855/jmeter-keeps-running-in-containerd-shim-everytime-docker-is-started-how-to-comp,1. Runtime Compatibility,Jmeter keeps running in containerd-shim everytime docker is started. how to completely remove it?
76632144,https://stackoverflow.com/questions/76632144/neuvector-pods-deployed-via-helm-to-a-local-k3s-cluster-fails-to-come-online-un,1. Runtime Compatibility,"NeuVector pods deployed via Helm to a local K3s cluster fails to come online, Unknown container runtime"
76627556,https://stackoverflow.com/questions/76627556/containerd-apparently-storing-multiple-copies-of-the-same-container-how-to-tes,"3. Filesystem, Mount & Storage",containerd apparently storing multiple copies of the same container - how to test it's not a wasteful duplication?
76608572,https://stackoverflow.com/questions/76608572/sys-fs-cgroup-cpuset-cpus-not-found-after-enabling-privileged-mode-in-kubernete,"4. Identity, Privilege & Isolation",/sys/fs/cgroup/cpuset.cpus Not Found After Enabling Privileged Mode In Kubernetes
76534717,https://stackoverflow.com/questions/76534717/how-to-invoke-containerd-api-using-grpcurl,1. Runtime Compatibility,How to invoke containerd API using grpcurl
76534319,https://stackoverflow.com/questions/76534319/where-does-gke-store-images-on-nodes-and-do-images-take-up-pod-ephemeral-storage,"3. Filesystem, Mount & Storage",Where does GKE store images on nodes and do images take up pod ephemeral storage?
76466526,https://stackoverflow.com/questions/76466526/why-does-docker-image-ls-not-show-the-same-result-as-ctr-image-ls,1. Runtime Compatibility,Why does `docker image ls` not show the same result as `ctr image ls`?
76459359,https://stackoverflow.com/questions/76459359/metrics-for-image-pull-time-for-gke-cluster,6. Diagnostics & Observability,Metrics for image pull time for GKE cluster?
76435593,https://stackoverflow.com/questions/76435593/can-kubernetes-use-mirrors-by-default-to-allow-for-an-offline-network-cluster-se,2. Configuration Management,Can Kubernetes use mirrors by default to allow for an offline network cluster setup?
76424192,https://stackoverflow.com/questions/76424192/kubernetes-all-images-are-duplicated-with-same-id,"3. Filesystem, Mount & Storage",Kubernetes all images are duplicated with same id
76379942,https://stackoverflow.com/questions/76379942/how-can-i-make-kubernetes-use-a-private-repository-by-default-with-nexus-and-con,2. Configuration Management,How can I make Kubernetes use a private repository by default with Nexus and Containerd?
76269610,https://stackoverflow.com/questions/76269610/why-the-stream-is-always-stderr-when-docker-containerd-writes-json-log,6. Diagnostics & Observability,"Why the stream is always stderr, when docker/containerd writes *.json.log"
76221379,https://stackoverflow.com/questions/76221379/docker-build-with-workdir-makes-docker-unable-to-find-the-image-locally-with-con,1. Runtime Compatibility,Docker build with WORKDIR makes Docker unable to find the image locally with Containerd beta enabled
76136482,https://stackoverflow.com/questions/76136482/containerd-v1-4-how-to-authenticate-by-config,2. Configuration Management,containerd v1.4+ - How to authenticate by config?
76134722,https://stackoverflow.com/questions/76134722/smart-way-to-delete-unused-images-in-containerd-except-a-few-in-aws-eks-1-24,"3. Filesystem, Mount & Storage",smart way to delete unused images in containerd except a few in aws eks 1.24
76119356,https://stackoverflow.com/questions/76119356/how-to-know-the-configured-container-runtime-of-used-docker-client,6. Diagnostics & Observability,how to know the configured container-runtime of used docker client
75978345,https://stackoverflow.com/questions/75978345/need-to-upgrade-from-docker-to-containerd-for-gke-version-upgrade-from-v1-23-to,1. Runtime Compatibility,Need to upgrade from docker to containerd for GKE version upgrade from v1.23 to v1.24
75947257,https://stackoverflow.com/questions/75947257/manage-containerd-with-ansible,1. Runtime Compatibility,Manage containerd with Ansible
75845783,https://stackoverflow.com/questions/75845783/nerdctl-run-no-such-file-or-directory-when-running-inside-a-pod,1. Runtime Compatibility,nerdctl run `no such file or directory` when running inside a pod
75817724,https://stackoverflow.com/questions/75817724/k3s-containerd-https-registry-certificate,2. Configuration Management,k3s containerd - https registry certificate
75800892,https://stackoverflow.com/questions/75800892/az-aks-nodepool-aks-custom-headers-windowscontainerruntime-containerd-is-throwin,1. Runtime Compatibility,AZ AKS nodepool aks-custom headers WindowsContainerRuntime=containerd is throwing error
75757759,https://stackoverflow.com/questions/75757759/bash-usr-bin-ping-operation-not-permitted-on-ubuntu-22-04-1-lts-containerd,"4. Identity, Privilege & Isolation",bash: /usr/bin/ping: Operation not permitted on Ubuntu 22.04.1 LTS Containerd
75697723,https://stackoverflow.com/questions/75697723/how-to-build-an-image-of-a-running-container-with-containerd-runtime,"3. Filesystem, Mount & Storage",How to build an image of a running container with ContainerD runtime
75622952,https://stackoverflow.com/questions/75622952/failed-to-unpack-image-on-snapshotter-overlayfs-unexpected-media-type-text-html,6. Diagnostics & Observability,failed to unpack image on snapshotter overlayfs: unexpected media type text/html
75569993,https://stackoverflow.com/questions/75569993/multiple-runtime-engines-in-kubernetes,1. Runtime Compatibility,Multiple runtime engines in kubernetes?
75568311,https://stackoverflow.com/questions/75568311/kubernetes-cant-find-locally-built-containerd-images,1. Runtime Compatibility,Kubernetes can't find locally built containerd images
75533491,https://stackoverflow.com/questions/75533491/how-to-get-container-id-from-within-the-container-with-cgroup-v2-and-containerd,6. Diagnostics & Observability,How to get container ID from within the container with cgroup v2 and containerd runtime?
75385049,https://stackoverflow.com/questions/75385049/how-can-i-import-images-into-containerd,"3. Filesystem, Mount & Storage",How can I import images into containerd？
75346313,https://stackoverflow.com/questions/75346313/latest-docker-containerd-updates-break-everything-and-all-container-stopped,6. Diagnostics & Observability,Latest docker (containerd) updates break everything and all container stopped
75294704,https://stackoverflow.com/questions/75294704/kuberenetes-1-24-containerd-allow-to-run-devices-inside-the-container-withou,"4. Identity, Privilege & Isolation",Kuberenetes 1.24 | Containerd | Allow to run devices inside the container without the --privileged flag?
75052934,https://stackoverflow.com/questions/75052934/injecting-a-mount-into-a-disjoint-mount-namespace-behind-a-private-mount-propaga,"3. Filesystem, Mount & Storage",Injecting a mount into a disjoint mount namespace behind a private mount propagation?
75009921,https://stackoverflow.com/questions/75009921/containerd-list-all-containers-through-containerd-sock,6. Diagnostics & Observability,Containerd list all containers through containerd.sock
74953529,https://stackoverflow.com/questions/74953529/local-symfony-site-hosted-in-container-is-unreachable,5. Networking & Connectivity,Local Symfony site hosted in container is unreachable
74849789,https://stackoverflow.com/questions/74849789/containerd-cannot-update-memory-of-a-running-container-lower-than-its-current,2. Configuration Management,containerd - cannot update memory of a running container lower than its current memory
74804543,https://stackoverflow.com/questions/74804543/cannot-pull-image-with-ctr,6. Diagnostics & Observability,Cannot pull image with ctr
74799620,https://stackoverflow.com/questions/74799620/kubernetes-windows-worker-node-addition-failed-to-create-containerd-task-hcss,1. Runtime Compatibility,"Kubernetes windows worker node addition: ""failed to create containerd task: hcsshim::CreateComputeSystem kube-proxy: The directory name is invalid"""
74685092,https://stackoverflow.com/questions/74685092/use-the-k3s-and-ctr-commands-to-import-the-image-but-the-image-cannot-be-found,1. Runtime Compatibility,"Use the k3s and ctr commands to import the image, but the image cannot be found by using crictl"
74677606,https://stackoverflow.com/questions/74677606/can-nerdctl-crictl-be-used-to-list-containers-started-by-docker,1. Runtime Compatibility,Can nerdctl/crictl be used to list containers started by docker
74595635,https://stackoverflow.com/questions/74595635/how-to-configure-containerd-to-use-a-registry-mirror,2. Configuration Management,How to configure containerd to use a registry mirror?
74595501,https://stackoverflow.com/questions/74595501/how-to-move-a-containerd-image-to-different-namespace,"3. Filesystem, Mount & Storage",How to move a containerd image to different namespace?
74592511,https://stackoverflow.com/questions/74592511/crictl-with-containerd-permission-denied,"4. Identity, Privilege & Isolation",crictl with containerd permission denied
74562978,https://stackoverflow.com/questions/74562978/how-to-allow-containerd-to-connect-to-insecure-docker-registry,2. Configuration Management,How to allow ContainerD to connect to insecure docker registry
74546773,https://stackoverflow.com/questions/74546773/is-there-a-way-to-extract-certain-file-from-pod-directly-from-its-node-contai,"3. Filesystem, Mount & Storage",Is there a way to extract certain file from pod directly from its node ? (containerd runtime)
74526816,https://stackoverflow.com/questions/74526816/haproxy-static-pod-runs-100-cpu-on-node-on-containerd,6. Diagnostics & Observability,HAproxy static pod runs 100% CPU on node on containerd
74417278,https://stackoverflow.com/questions/74417278/trivy-on-eks-unable-to-scan-any-images,1. Runtime Compatibility,Trivy on EKS unable to scan any images
74310243,https://stackoverflow.com/questions/74310243/why-am-i-getting-failed-to-flush-chunk-when-sending-container-logs-to-syslogs,6. Diagnostics & Observability,"Why am I getting ""failed to flush chunk"" when sending container logs to syslogs with fluent-bit?"
74107646,https://stackoverflow.com/questions/74107646/apple-metal-api-inside-macos-containerd-is-it-possible,1. Runtime Compatibility,"Apple Metal API inside macOS containerd, is it possible?"
73982083,https://stackoverflow.com/questions/73982083/how-to-run-container-in-container-with-rancher-desktop,1. Runtime Compatibility,How to run container in container with rancher-desktop>
73971174,https://stackoverflow.com/questions/73971174/how-to-make-containerd-forward-logs-to-journald,6. Diagnostics & Observability,How to make containerd forward logs to journald
73943148,https://stackoverflow.com/questions/73943148/containerd-and-kubernetes-container-will-be-down-randomly,6. Diagnostics & Observability,containerd and kubernetes container will be down randomly
73941545,https://stackoverflow.com/questions/73941545/where-are-my-container-images-when-running-kubernetes-with-containerd,"3. Filesystem, Mount & Storage",Where are my container images when running kubernetes with containerd?
73910486,https://stackoverflow.com/questions/73910486/why-does-crictl-pull-from-private-registry-not-need-account-password,2. Configuration Management,Why does crictl pull from private registry not need account/password?
73712931,https://stackoverflow.com/questions/73712931/containerd-image-might-be-filtered-out-message,"3. Filesystem, Mount & Storage",containerd - image might be filtered out message
73631968,https://stackoverflow.com/questions/73631968/nerdctl-port-not-exposed,5. Networking & Connectivity,nerdctl port not exposed
73550556,https://stackoverflow.com/questions/73550556/error-no-opentelemetry-when-containerd-starts-containerd-version-1-6-8,6. Diagnostics & Observability,Error no OpenTelemetry when containerd starts . Containerd version 1.6.8
73420677,https://stackoverflow.com/questions/73420677/image-exists-but-i-get-an-error-initerrimageneverpull-container-image-is-not-pr,1. Runtime Compatibility,Image exists but i get an error Init:ErrImageNeverPull Container image is not present with pull policy of Never
73415919,https://stackoverflow.com/questions/73415919/is-it-possible-to-increase-containerd-log-limit-greater-than-16k,6. Diagnostics & Observability,Is it possible to increase Containerd log limit greater than 16K?
73415766,https://stackoverflow.com/questions/73415766/how-to-skip-tls-cert-check-for-crictl-containerd-cr-while-pulling-the-images-f,2. Configuration Management,How to skip TLS cert check for crictl (containerd CR) while pulling the images from private repository
73394153,https://stackoverflow.com/questions/73394153/how-to-set-proxy-credentials-for-rancher-desktop,5. Networking & Connectivity,How to set proxy credentials for Rancher Desktop
73329982,https://stackoverflow.com/questions/73329982/how-to-move-containerd-data-directory-to-another-location-on-ubuntu,"3. Filesystem, Mount & Storage",How to move containerd data directory to another location on ubuntu?
73240732,https://stackoverflow.com/questions/73240732/creating-hostpath-volume-mount-dynamically,"3. Filesystem, Mount & Storage","Creating ""hostPath"" volume mount dynamically"
73176776,https://stackoverflow.com/questions/73176776/what-is-the-equivalent-of-docker-logs-in-containerd,6. Diagnostics & Observability,"What is the equivalent of ""docker logs"" in containerd?"
73123230,https://stackoverflow.com/questions/73123230/containerd-multiline-logs-parsing-with-fluentbit,6. Diagnostics & Observability,containerd multiline logs parsing with fluentbit
73103812,https://stackoverflow.com/questions/73103812/how-to-upgrade-containerd-on-ubuntu,1. Runtime Compatibility,How to upgrade containerd on Ubuntu
72990088,https://stackoverflow.com/questions/72990088/containerd-pass-incorrect-hostpath-from-host,"3. Filesystem, Mount & Storage",containerd pass incorrect hostPath from host
72968351,https://stackoverflow.com/questions/72968351/how-to-run-ctr-or-crictl-commands-when-k3s-in-rootless-mode,"4. Identity, Privilege & Isolation",How to run ctr or crictl commands when k3s in rootless mode
72879219,https://stackoverflow.com/questions/72879219/container-process-label-is-set-to-spc-t-after-setting-selinux-enable-true-in-con,2. Configuration Management,container process label is set to spc_t after setting selinux-enable=true in containerd-config.toml
72753140,https://stackoverflow.com/questions/72753140/how-can-i-interact-with-containerd-grpc-api-using-grpcurl,1. Runtime Compatibility,How can I interact with containerd gRPC API using grpcurl?
72661860,https://stackoverflow.com/questions/72661860/what-images-are-used-by-aks-k8s-service,"3. Filesystem, Mount & Storage",What images are used by AKS/K8s service?
72629279,https://stackoverflow.com/questions/72629279/how-to-pass-a-configuration-file-to-the-containerd-runtime-by-using-deamon-json,2. Configuration Management,How to pass a configuration file to the containerd runtime by using deamon.json on WSL
72541317,https://stackoverflow.com/questions/72541317/how-to-check-image-manifest-in-containerd,6. Diagnostics & Observability,how to check image manifest in containerd?
72528378,https://stackoverflow.com/questions/72528378/pulling-image-from-insecure-registery-with-containerd,5. Networking & Connectivity,Pulling image from insecure registery with containerd
72518766,https://stackoverflow.com/questions/72518766/testcontainers-fail-with-docker-must-be-present-in-order-for-testcontainers-to-w,1. Runtime Compatibility,Testcontainers fail with Docker must be present in order for testcontainers to work properly on GKE with containerd nodes
72488021,https://stackoverflow.com/questions/72488021/back-off-pulling-image-in-kubernetes,1. Runtime Compatibility,Back-off pulling image in Kubernetes
72459333,https://stackoverflow.com/questions/72459333/how-to-configure-kubernetes-docker-on-docker-using-containerd-on-azure,1. Runtime Compatibility,"How to configure Kubernetes ""docker on docker"" using containerd on Azure"
72419513,https://stackoverflow.com/questions/72419513/how-to-pull-docker-image-from-a-insecure-private-registry-with-latest-kubernetes,2. Configuration Management,How to pull docker image from a insecure private registry with latest Kubernetes
72409388,https://stackoverflow.com/questions/72409388/containerd-nodes-in-gke-based-on-windows,1. Runtime Compatibility,ContainerD nodes in GKE based on Windows
72361508,https://stackoverflow.com/questions/72361508/the-amount-of-container-runtimes-logs-increased-significantly-after-migration-t,6. Diagnostics & Observability,The amount of container-runtime's logs increased significantly after migration to containerd at GKE
72298729,https://stackoverflow.com/questions/72298729/how-to-pull-image-from-a-private-repository-using-containerd,2. Configuration Management,How to pull image from a private repository using containerd?
72292635,https://stackoverflow.com/questions/72292635/how-to-use-containerd,1. Runtime Compatibility,How to use containerd?
72228017,https://stackoverflow.com/questions/72228017/how-containerd-copy-a-file-from-host-to-a-running-container,"3. Filesystem, Mount & Storage",How containerd copy a file from host to a running container?
72120811,https://stackoverflow.com/questions/72120811/ctr-run-equality-mapping-for-docker-run,1. Runtime Compatibility,ctr run equality mapping for docker run
72094271,https://stackoverflow.com/questions/72094271/how-to-restrict-core-file-size-in-container-on-k8s-cluster-with-containerd,2. Configuration Management,How to restrict core file size in container on k8s cluster with containerd?
72025780,https://stackoverflow.com/questions/72025780/pgsql-crash-after-migrate-to-containerd,6. Diagnostics & Observability,pgSql crash after migrate to containerd
71901193,https://stackoverflow.com/questions/71901193/how-to-get-the-dangling-images-using-crictl,"3. Filesystem, Mount & Storage",how to get the dangling images using crictl
71757133,https://stackoverflow.com/questions/71757133/how-to-use-containerd-to-import-images-to-azure-container-register,1. Runtime Compatibility,How to use containerd to import images to azure container register
71709053,https://stackoverflow.com/questions/71709053/nerdctl-will-not-use-local-image-when-building,1. Runtime Compatibility,NerdCTL will not use local image when building
71705752,https://stackoverflow.com/questions/71705752/how-to-check-docker-containers-and-images-inside-aks-nodes,6. Diagnostics & Observability,how to check docker containers and images inside aks nodes
71584810,https://stackoverflow.com/questions/71584810/where-is-logs-files-of-containerd,6. Diagnostics & Observability,Where is logs files of containerd?
71582111,https://stackoverflow.com/questions/71582111/list-local-container-images-in-aks-nodes,6. Diagnostics & Observability,List local container images in AKS nodes
71572715,https://stackoverflow.com/questions/71572715/decoupling-k3s-and-containerd,1. Runtime Compatibility,Decoupling K3S and containerd
71557667,https://stackoverflow.com/questions/71557667/shell-into-faasd-function-container,1. Runtime Compatibility,Shell into faasd function container
71531188,https://stackoverflow.com/questions/71531188/can-not-start-containerd-container-on-windows,5. Networking & Connectivity,Can not start ContainerD container on Windows
71513719,https://stackoverflow.com/questions/71513719/containerd-port-mapping-from-host-to-container,5. Networking & Connectivity,Containerd port mapping from host to container
71482106,https://stackoverflow.com/questions/71482106/why-i-cant-see-pause-containers-in-gke-containerd-cri,6. Diagnostics & Observability,Why I can't see pause containers in GKE containerd CRI?
71419398,https://stackoverflow.com/questions/71419398/how-to-delete-container-use-containerd-ctr,1. Runtime Compatibility,How to delete container use containerd ctr?
71379578,https://stackoverflow.com/questions/71379578/how-to-run-testcontainers-in-containerd-without-any-error-from-kubernetes-1-20,1. Runtime Compatibility,How to run Testcontainers in Containerd without any error (from Kubernetes 1.20)?
71218538,https://stackoverflow.com/questions/71218538/how-to-prune-containerd-images-and-containers,"3. Filesystem, Mount & Storage",How to prune containerd images and containers?
71034357,https://stackoverflow.com/questions/71034357/how-show-containerd-logs-for-stopped-containers,6. Diagnostics & Observability,How show containerd logs for stopped containers
70986540,https://stackoverflow.com/questions/70986540/need-to-get-created-date-in-crictl-images-list-images-call,6. Diagnostics & Observability,"Need to get ""created"" date in crictl images - List images call"
70948748,https://stackoverflow.com/questions/70948748/how-to-retrieve-the-pod-container-in-which-run-a-given-process,6. Diagnostics & Observability,How to retrieve the pod/container in which run a given process
70936917,https://stackoverflow.com/questions/70936917/how-can-i-load-multiple-tar-images-using-nerdctl-containerd,"3. Filesystem, Mount & Storage",How can I load multiple tar images using nerdctl? (containerd)
70798786,https://stackoverflow.com/questions/70798786/containerd-ctr-command-for-pulling-images-gives-error,1. Runtime Compatibility,Containerd ctr command for pulling images gives error
70710123,https://stackoverflow.com/questions/70710123/what-should-be-used-instead-of-host-docker-internal-when-using-nerdctl-in-plac,5. Networking & Connectivity,what should be used instead of 'host.docker.internal' when using nerdctl in place of docker?
70704948,https://stackoverflow.com/questions/70704948/container-fails-to-download-gradle,5. Networking & Connectivity,Container fails to download gradle
70570825,https://stackoverflow.com/questions/70570825/how-to-create-a-crictl-pod-with-a-volume-mount,"3. Filesystem, Mount & Storage",How to create a CriCtl pod with a volume mount?
70231694,https://stackoverflow.com/questions/70231694/can-i-use-nerdctl-to-build-image-from-inside-the-cluster,1. Runtime Compatibility,can I use nerdctl to build Image from inside the cluster
70105718,https://stackoverflow.com/questions/70105718/how-to-enable-runc-logs-when-running-with-containerd-or-docker,6. Diagnostics & Observability,How to enable runc logs when running with containerd or docker
69999835,https://stackoverflow.com/questions/69999835/gke-containerd-node-pool-with-nexus-insecure-registry,2. Configuration Management,GKE Containerd node pool with nexus insecure registry
69672550,https://stackoverflow.com/questions/69672550/is-it-possible-to-run-containers-with-port-forwarding-using-ctr-command,5. Networking & Connectivity,Is it possible to run containers with port forwarding using ctr command?
69288041,https://stackoverflow.com/questions/69288041/how-can-i-snapshot-and-restore-firecracker-vm-running-containers-using-firecrack,"3. Filesystem, Mount & Storage",How can I snapshot and restore firecracker vm running containers using firecracker-containerd?
69178920,https://stackoverflow.com/questions/69178920/what-does-it-mean-that-kubernetes-removed-support-for-docker-but-supports-contai,1. Runtime Compatibility,What does it mean that Kubernetes removed support for Docker but supports containerd (which is part of Docker)?
69103103,https://stackoverflow.com/questions/69103103/pulling-images-from-an-insecure-registry-on-containerd,2. Configuration Management,Pulling images from an insecure registry - on containerd
69088569,https://stackoverflow.com/questions/69088569/microk8s-trouble-launching-local-docker-image,1. Runtime Compatibility,Microk8s trouble launching local docker image
68845002,https://stackoverflow.com/questions/68845002/ehcache-0b-of-physical-memory-when-using-containerd,1. Runtime Compatibility,Ehcache 0B of physical memory when using containerd
68795310,https://stackoverflow.com/questions/68795310/does-gke-support-container-checkpoints,1. Runtime Compatibility,Does GKE support container checkpoints
68770534,https://stackoverflow.com/questions/68770534/how-to-start-containerd-node-local-container-images-in-kubernetes,1. Runtime Compatibility,How to start containerd node local container images in kubernetes?
68684356,https://stackoverflow.com/questions/68684356/how-to-check-the-k8s-k3s-pod-status-programmatically-with-containerd-runtime,6. Diagnostics & Observability,How to check the K8s / K3s pod status programmatically with containerd runtime?
68630961,https://stackoverflow.com/questions/68630961/failed-to-restart-containerd-service-unit-not-found,1. Runtime Compatibility,Failed to restart containerd.service: Unit not found
68630845,https://stackoverflow.com/questions/68630845/kubernetes-fails-to-pull-images-from-gitlab-registry-unknown-sha256-4ca-252,6. Diagnostics & Observability,Kubernetes fails to pull images from gitlab registry unknown-sha256: <4ca..252> unexpected commit digest precondition
67990667,https://stackoverflow.com/questions/67990667/containerd-equivalent-of-docker-inspect-in-containerd,6. Diagnostics & Observability,Containerd: Equivalent of docker inspect in containerd
67990326,https://stackoverflow.com/questions/67990326/containerd-copying-files-from-containerd-container-to-host,"3. Filesystem, Mount & Storage",Containerd: Copying files from containerd container to host
67966607,https://stackoverflow.com/questions/67966607/whats-the-difference-between-pod-and-container-from-container-runtimes-perspec,"4. Identity, Privilege & Isolation",What's the difference between pod and container from container runtime's perspective?
67924489,https://stackoverflow.com/questions/67924489/configure-access-to-gcr-for-containerd-cli-ctr,2. Configuration Management,Configure access to GCR for containerd CLI ctr
67889258,https://stackoverflow.com/questions/67889258/docker-service-doesnt-start-after-hard-host-reboot,6. Diagnostics & Observability,Docker service doesn't start after hard host reboot
67820679,https://stackoverflow.com/questions/67820679/not-able-to-exec-into-container,1. Runtime Compatibility,Not able to exec into container
67820623,https://stackoverflow.com/questions/67820623/containerd-pull-multiple-images-while-creating-a-pod-in-kubernetes,6. Diagnostics & Observability,Containerd pull multiple images while creating a Pod in Kubernetes
67800352,https://stackoverflow.com/questions/67800352/will-new-gcp-kubeflow-pipelines-deployment-support-containerd,1. Runtime Compatibility,Will new GCP Kubeflow Pipelines deployment support Containerd?
67796386,https://stackoverflow.com/questions/67796386/docker-cli-containerd-on-windows,1. Runtime Compatibility,Docker CLI & containerd on Windows
67635227,https://stackoverflow.com/questions/67635227/private-docker-io-registry-in-microk8s,2. Configuration Management,Private docker.io registry in microk8s
67607380,https://stackoverflow.com/questions/67607380/importing-images-with-ctr-fails-silently,"3. Filesystem, Mount & Storage",Importing images with CTR fails silently
67585798,https://stackoverflow.com/questions/67585798/what-process-is-the-parent-process-of-containerd-shim,6. Diagnostics & Observability,What process is the parent process of containerd-shim?
67480710,https://stackoverflow.com/questions/67480710/where-do-the-log-files-live-in-a-k8s-cluster-using-the-containerd-runtime,6. Diagnostics & Observability,Where do the log files live in a K8s cluster using the Containerd runtime?
67371561,https://stackoverflow.com/questions/67371561/snap-microk8s-daemon-kubelet-is-not-working-due-to-containerd-on-centos-8,1. Runtime Compatibility,snap.microk8s.daemon-kubelet is not working due to containerd on centos 8
67171982,https://stackoverflow.com/questions/67171982/how-to-stop-container-in-containerd-ctr,1. Runtime Compatibility,How to stop container in containerd/ctr
67171645,https://stackoverflow.com/questions/67171645/how-to-delete-all-containers-and-images-in-containerd,"3. Filesystem, Mount & Storage",How to delete all containers and images in containerd?
66960498,https://stackoverflow.com/questions/66960498/purge-kubernetes-image-cache-on-containerd-runtime-with-daemonset,"3. Filesystem, Mount & Storage",Purge Kubernetes Image Cache on containerd runtime with daemonSet
66762671,https://stackoverflow.com/questions/66762671/unable-to-retrieve-data-from-docker-managed-containerd-by-using-containerd-based,1. Runtime Compatibility,Unable to retrieve data from Docker-managed containerd by using containerd-based CLI directly
66754136,https://stackoverflow.com/questions/66754136/how-do-i-define-a-microk8s-ctr-filter,6. Diagnostics & Observability,How Do I define a microk8s.ctr filter?
66733729,https://stackoverflow.com/questions/66733729/how-to-create-a-container-with-containerd-instead-of-pulling-it,1. Runtime Compatibility,How to create a container with containerd instead of pulling it
66642654,https://stackoverflow.com/questions/66642654/microk8s-imagepullbackoff-cannot-be-fixed-by-modifying-the-config,2. Configuration Management,Microk8s ImagePullBackOff cannot be fixed by modifying the config
66597987,https://stackoverflow.com/questions/66597987/how-to-connection-to-containerd-on-windows-using-sdk,1. Runtime Compatibility,how to connection to containerd on windows using sdk?
66512464,https://stackoverflow.com/questions/66512464/if-docker-ce-and-containerd-are-installed-on-ubuntu-20-04-what-cri-does-k8s-use,1. Runtime Compatibility,"If docker-ce and containerd are installed on Ubuntu 20.04, what CRI does K8s use?"
66478456,https://stackoverflow.com/questions/66478456/run-container-with-containerds-ctr-by-means-of-uidmap-to-map-to-non-root-user-o,"4. Identity, Privilege & Isolation",run container with containerd's ctr by means of uidmap to map to non-root user on the host
66247375,https://stackoverflow.com/questions/66247375/insecure-registry-containerd-in-kubernetes,2. Configuration Management,Insecure registry containerd in Kubernetes
65830180,https://stackoverflow.com/questions/65830180/does-kubernetes-pods-run-inside-container-runtime,1. Runtime Compatibility,Does Kubernetes pods run inside container runtime?
65724285,https://stackoverflow.com/questions/65724285/kubernetes-with-containerd-http-server-gave-http-response-to-https-client,5. Networking & Connectivity,Kubernetes with containerd : http: server gave HTTP response to HTTPS client
65681045,https://stackoverflow.com/questions/65681045/adding-insecure-registry-in-containerd,2. Configuration Management,Adding insecure registry in containerd
65576292,https://stackoverflow.com/questions/65576292/kubernetes-containerd-failed-to-pull-image-from-private-registry,2. Configuration Management,Kubernetes containerd - failed to pull image from private registry
65465684,https://stackoverflow.com/questions/65465684/build-dockerfile-without-docker-on-kubernetes-aks-1-19-0-running-with-containe,1. Runtime Compatibility,Build Dockerfile without docker on Kubernetes (AKS 1.19.0) running with containerd
65393959,https://stackoverflow.com/questions/65393959/execute-command-as-another-user-in-container-using-containerds-ctr,"4. Identity, Privilege & Isolation",Execute command as another user in container using containerd's ctr
65357072,https://stackoverflow.com/questions/65357072/kubernetes-increase-the-size-of-overlayfs-containerd-runtime-volumes-in-k3s,"3. Filesystem, Mount & Storage",Kubernetes: Increase the size of OverlayFS / containerd runtime volumes in K3s
65298023,https://stackoverflow.com/questions/65298023/mysql-container-errors-socket-creation-erros,"3. Filesystem, Mount & Storage","Mysql container errors, socket creation erros"
65293185,https://stackoverflow.com/questions/65293185/what-is-the-equivalent-of-docker-volumes-in-containerd,"3. Filesystem, Mount & Storage",What is the equivalent of docker volumes in containerd?
65131955,https://stackoverflow.com/questions/65131955/container-abruptly-killed-with-warning-cleaning-up-after-killed-shim,6. Diagnostics & Observability,"Container abruptly killed with warning ""cleaning up after killed shim"""
64935442,https://stackoverflow.com/questions/64935442/how-to-configure-microk8s-kubernetes-to-use-private-containers-in-https-hub-d,2. Configuration Management,How to configure microk8s kubernetes to use private container's in https://hub.docker.com/?
64667740,https://stackoverflow.com/questions/64667740/containerd-error-failed-to-find-user-by-uid-when-creating-ejbca-docker-contain,"4. Identity, Privilege & Isolation","containerd error ""failed to find user by uid"" when creating ejbca docker container on azure"
64540738,https://stackoverflow.com/questions/64540738/faasd-cant-pull-image-from-private-registry,2. Configuration Management,Faasd - can't pull image from private registry
64513122,https://stackoverflow.com/questions/64513122/can-i-have-extra-slash-in-docker-and-containerd-image-name,1. Runtime Compatibility,"Can I have extra slash ""/"" in Docker (and Containerd) image name?"
64460740,https://stackoverflow.com/questions/64460740/prune-container-images-with-just-containerd-w-o-docker,"3. Filesystem, Mount & Storage",Prune container images with just containerd (w/o Docker)
64401699,https://stackoverflow.com/questions/64401699/microk8s-containerd-failed-to-reserve-sandbox-name,6. Diagnostics & Observability,microk8s containerd - failed to reserve sandbox name
63735308,https://stackoverflow.com/questions/63735308/how-to-add-harbor-registry-in-containerd,2. Configuration Management,How to add harbor registry in containerd
63478550,https://stackoverflow.com/questions/63478550/how-can-i-share-my-docker-images-with-containerd-runtime,1. Runtime Compatibility,How can I share my docker images with containerd runtime?
63457756,https://stackoverflow.com/questions/63457756/docker-error-response-from-daemon-ttrpc-closed-unknown-after-upgrading-cont,1. Runtime Compatibility,docker: Error response from daemon: ttrpc: closed: unknown. after upgrading containerd to 1.4.0
63115522,https://stackoverflow.com/questions/63115522/creating-a-sibling-process-to-a-container-using-containerd,6. Diagnostics & Observability,Creating a sibling process to a container using containerd
62439583,https://stackoverflow.com/questions/62439583/unable-to-pull-some-image-from-jfrog-artifactory-with-my-containerd,2. Configuration Management,Unable to pull some image from jfrog artifactory with my containerd
62072979,https://stackoverflow.com/questions/62072979/runtimes-supported-by-containerd-apart-from-runc,1. Runtime Compatibility,Runtimes supported by containerd apart from runC?
62024186,https://stackoverflow.com/questions/62024186/where-does-libcontainer-stand-in-docker-stack,1. Runtime Compatibility,Where does libcontainer stand in docker stack?
61119975,https://stackoverflow.com/questions/61119975/is-it-possible-to-set-microk8s-to-use-docker-engine-instead-of-containerd,1. Runtime Compatibility,Is it possible to set microk8s to use docker engine instead of containerd?
61055917,https://stackoverflow.com/questions/61055917/how-to-list-microk8s-containers-with-microk8s-ctr,6. Diagnostics & Observability,How to list microk8s' containers with microk8s.ctr
60714937,https://stackoverflow.com/questions/60714937/pull-images-from-local-insecure-registry-on-kind-cluster,5. Networking & Connectivity,Pull images from local (insecure) registry on kind cluster
60654800,https://stackoverflow.com/questions/60654800/how-container-processes-are-attached-to-containerd-shim-in-docker,1. Runtime Compatibility,How container processes are attached to containerd-shim in docker
60630149,https://stackoverflow.com/questions/60630149/how-do-i-start-minikube-with-containerd-instead-of-docker,1. Runtime Compatibility,How do I start minikube with containerd instead of docker?
60208766,https://stackoverflow.com/questions/60208766/tls-server-selected-unsupported-protocol-version-301,5. Networking & Connectivity,tls: server selected unsupported protocol version 301
59812500,https://stackoverflow.com/questions/59812500/chroot-in-go-using-syscall-is-giving-error,"3. Filesystem, Mount & Storage",Chroot in Go using syscall is giving error
59763024,https://stackoverflow.com/questions/59763024/kubernetes-nginx-ingress-unexpected-error-storing-fake-ssl-cert-could-not-creat,"3. Filesystem, Mount & Storage",Kubernetes nginx ingress unexpected error storing fake SSL Cert: could not create PEM certificate file
59759658,https://stackoverflow.com/questions/59759658/building-images-using-docker-compose-and-containerd,1. Runtime Compatibility,Building images using docker-compose and containerd?
59744000,https://stackoverflow.com/questions/59744000/kubernetes-1-17-containerd-1-2-0-with-calico-cni-node-not-joining-to-master,5. Networking & Connectivity,Kubernetes 1.17 containerd 1.2.0 with Calico CNI node not joining to master
59393496,https://stackoverflow.com/questions/59393496/how-to-run-docker-images-in-containerd-using-ctr-in-cli,1. Runtime Compatibility,How to run docker images in containerd using ctr in CLI?
59222213,https://stackoverflow.com/questions/59222213/does-user-space-programrunc-regulate-the-size-of-physical-address-space-of-a-d,2. Configuration Management,Does user space program(runc) regulate the size of physical address space of a docker container process?
58930670,https://stackoverflow.com/questions/58930670/looking-for-an-explanation-about-containerd-shim-runc-child-processes,6. Diagnostics & Observability,Looking for an explanation about containerd-shim/runc child processes
58642878,https://stackoverflow.com/questions/58642878/k3s-ctr-images-import-to-different-dir,"3. Filesystem, Mount & Storage",k3s ctr images import to different dir
58481031,https://stackoverflow.com/questions/58481031/when-and-why-should-i-care-about-different-container-runtimes,1. Runtime Compatibility,When and Why should I care about different Container Runtimes?
57009928,https://stackoverflow.com/questions/57009928/runc-and-ctr-commands-do-not-show-docker-images-and-containers,6. Diagnostics & Observability,runc and ctr commands do not show docker images and containers
56632253,https://stackoverflow.com/questions/56632253/does-containerd-provide-any-way-to-pause-containers-like-in-docker,1. Runtime Compatibility,Does containerd provide any way to pause containers like in Docker?
54819127,https://stackoverflow.com/questions/54819127/kafka-on-kubernetes-under-containerd-liveness-probe-fails,1. Runtime Compatibility,"Kafka on Kubernetes under containerd, liveness probe fails"
54365253,https://stackoverflow.com/questions/54365253/convert-docker-compose-yml-to-runc-config-json,1. Runtime Compatibility,Convert docker-compose.yml to runc config.json
54303822,https://stackoverflow.com/questions/54303822/getting-runc-config-json-from-docker-container,2. Configuration Management,Getting runc config.json from docker container
53768311,https://stackoverflow.com/questions/53768311/un-responsive-docker-containers,6. Diagnostics & Observability,Un-responsive docker containers
53435138,https://stackoverflow.com/questions/53435138/running-docker-inside-kubernetes-with-containerd,1. Runtime Compatibility,Running docker inside Kubernetes with containerd
52473105,https://stackoverflow.com/questions/52473105/docker-start-in-parallel,1. Runtime Compatibility,`docker start` in parallel?
52179148,https://stackoverflow.com/questions/52179148/jenkins-kubernetes-plugin-with-containerd,1. Runtime Compatibility,Jenkins Kubernetes Plugin with containerd
51247824,https://stackoverflow.com/questions/51247824/what-happens-behind-the-scenes-when-e-env-vars-are-passed-into-a-docker-conta,2. Configuration Management,What happens behind the scenes when `-e` env vars are passed into a docker container?
50005064,https://stackoverflow.com/questions/50005064/kube-dns-getsockopt-no-route-to-host,5. Networking & Connectivity,kube-dns getsockopt no route to host
49877639,https://stackoverflow.com/questions/49877639/running-systemd-in-a-docker-managed-plugin,2. Configuration Management,Running systemd in a Docker managed plugin
48616250,https://stackoverflow.com/questions/48616250/can-docker-and-cricontainerd-co-exist,6. Diagnostics & Observability,Can docker and cricontainerd co exist
48609712,https://stackoverflow.com/questions/48609712/failed-to-connect-to-containerd-failed-to-dial,6. Diagnostics & Observability,Failed to connect to containerd: failed to dial
21889053,https://stackoverflow.com/questions/21889053/what-is-the-runtime-performance-cost-of-a-docker-container,6. Diagnostics & Observability,What is the runtime performance cost of a Docker container?
76955177,https://stackoverflow.com/questions/76955177/containerd-shim-runc-v2-consumes-my-gpu-ram,6. Diagnostics & Observability,containerd-shim-runc-v2 consumes my GPU RAM
75716847,https://stackoverflow.com/questions/75716847/how-to-run-nginx-in-runc,"3. Filesystem, Mount & Storage",How to run nginx in runc?
66760495,https://stackoverflow.com/questions/66760495/whats-the-relationship-between-docker-and-runc,1. Runtime Compatibility,What's the relationship between docker and runc?
65981878,https://stackoverflow.com/questions/65981878/how-to-get-more-information-for-an-error-generated-in-libcontainer-rootfs-linux,6. Diagnostics & Observability,How to get more information for an error generated in libcontainer/rootfs_linux.go?
65560004,https://stackoverflow.com/questions/65560004/are-there-any-containers-running-without-namespaces-and-cgroups,"4. Identity, Privilege & Isolation",Are there any containers running without namespaces and cgroups?
64071782,https://stackoverflow.com/questions/64071782/runc-container-cpu-usage,6. Diagnostics & Observability,runc container cpu usage
63433056,https://stackoverflow.com/questions/63433056/how-to-traverse-through-the-pid-namespace-of-a-container,"4. Identity, Privilege & Isolation",How to traverse through the pid namespace of a container?
61738905,https://stackoverflow.com/questions/61738905/how-to-list-docker-containers-using-runc,6. Diagnostics & Observability,How to list docker containers using runc
61054998,https://stackoverflow.com/questions/61054998/start-a-container-without-restricting-its-network-access,5. Networking & Connectivity,Start a container without restricting its network access
59724108,https://stackoverflow.com/questions/59724108/cannot-start-an-existing-container-with-podman,1. Runtime Compatibility,Cannot start an existing container with Podman
59654559,https://stackoverflow.com/questions/59654559/why-docker-build-need-to-use-dev-shm,"3. Filesystem, Mount & Storage",Why Docker build need to use /dev/shm?
56996594,https://stackoverflow.com/questions/56996594/running-oci-containers-as-regular-users,"4. Identity, Privilege & Isolation",Running OCI Containers as regular users
56751319,https://stackoverflow.com/questions/56751319/how-to-get-into-an-app-container-manually-with-garden-runc-backend,6. Diagnostics & Observability,How to get into an App Container Manually with Garden-RunC Backend
55103653,https://stackoverflow.com/questions/55103653/python-subprocess-communicate-fails-to-capture-output-from-runc-container-if-not,1. Runtime Compatibility,Python subprocess.communicate fails to capture output from runc container if not run from interactive terminal
53194352,https://stackoverflow.com/questions/53194352/garbage-output-on-raspberry-pi3-b-b-when-running-and-oci-container,1. Runtime Compatibility,Garbage output on raspberry pi3 B/B+ when running and OCI container
52405657,https://stackoverflow.com/questions/52405657/segmentation-fault-when-executing-binary-in-runc-container,"4. Identity, Privilege & Isolation",Segmentation fault when executing binary in runc container
51277051,https://stackoverflow.com/questions/51277051/how-docker-allocate-memory-to-the-process-in-container,"4. Identity, Privilege & Isolation",How docker allocate memory to the process in container?
50335957,https://stackoverflow.com/questions/50335957/bind-mount-proc-or-dev-in-container-got-operation-not-permitted-error,"3. Filesystem, Mount & Storage",Bind mount /proc or /dev in container got operation not permitted error
46823988,https://stackoverflow.com/questions/46823988/what-is-the-equivalent-part-for-linux-docker-runc-on-the-windows-docker,1. Runtime Compatibility,What is the equivalent part for Linux docker Runc on the Windows docker?
45937714,https://stackoverflow.com/questions/45937714/how-to-backup-and-restore-docker-containers-without-the-original-docker-run-com,1. Runtime Compatibility,How to backup and restore docker containers (without the original docker run command)
42718235,https://stackoverflow.com/questions/42718235/cf-garden-runc-as-a-container-orchestration-engine,1. Runtime Compatibility,CF Garden-runC as a container orchestration engine?
42696589,https://stackoverflow.com/questions/42696589/libcontainer-runc-and-nsenter-bootstrap,1. Runtime Compatibility,"libcontainer, runc and nsenter bootstrap"
42621604,https://stackoverflow.com/questions/42621604/execute-process-in-runc-container-via-garden-api,1. Runtime Compatibility,Execute process in Runc container via Garden API
41645665,https://stackoverflow.com/questions/41645665/how-containerd-compares-to-runc,1. Runtime Compatibility,How containerd compares to runc
40403025,https://stackoverflow.com/questions/40403025/runc-start-requires-a-minimum-of-1-argument,1. Runtime Compatibility,"runc: ""start"" requires a minimum of 1 argument"
37420728,https://stackoverflow.com/questions/37420728/runc-container-start-go-lang-deattached-mode,1. Runtime Compatibility,runc container start go-lang deattached mode
36815374,https://stackoverflow.com/questions/36815374/runc-containerd-check-pointing-support,1. Runtime Compatibility,Runc Containerd Check pointing support
34725429,https://stackoverflow.com/questions/34725429/cmt-migration-tool-validation-error,1. Runtime Compatibility,Cmt migration tool validation error
34560862,https://stackoverflow.com/questions/34560862/does-the-ocf-spec-mean-that-docker-is-no-longer-linux-centric,1. Runtime Compatibility,Does the OCF spec mean that Docker is no longer Linux centric?
31213126,https://stackoverflow.com/questions/31213126/libcontainer-vs-docker-vs-ocf-vs-runc,1. Runtime Compatibility,libcontainer vs Docker vs OCF vs runc?
77907313,https://stackoverflow.com/questions/77907313/how-to-implement-tcp-dialing-using-gvisors-gonet-package,5. Networking & Connectivity,How to implement TCP dialing using gvisor's gonet package?
62130703,https://stackoverflow.com/questions/62130703/tcp-listen-on-any-ip-any-port-with-gvisor,5. Networking & Connectivity,tcp listen on any ip any port with gvisor
62066218,https://stackoverflow.com/questions/62066218/in-linux-how-does-a-process-call-mmap-and-add-a-vma-for-its-child,"4. Identity, Privilege & Isolation","In Linux, how does a process call mmap() and add a VMA for its child?"
61486156,https://stackoverflow.com/questions/61486156/can-you-run-a-sandbox-container-within-a-cloud-run-container,"4. Identity, Privilege & Isolation",Can you run a sandbox container within a Cloud Run container?
59812405,https://stackoverflow.com/questions/59812405/cloud-run-why-does-my-instance-need-so-much-ram,6. Diagnostics & Observability,Cloud Run: Why does my instance need so much RAM?
58370120,https://stackoverflow.com/questions/58370120/how-to-stop-undertow-triggering-warnings-from-gvisor-in-cloud-run,1. Runtime Compatibility,How to stop Undertow triggering warnings from gVisor in Cloud Run
57506187,https://stackoverflow.com/questions/57506187/cloud-run-process-fails-with-500-status-code-and-a-membarrier-gvisor-error,6. Diagnostics & Observability,Cloud-Run process fails with 500 status-code and a membarrier gvisor error
57214133,https://stackoverflow.com/questions/57214133/google-cloud-run-gvisor-syscall-error-on-node-application,1. Runtime Compatibility,Google Cloud Run gVisor syscall error on node application
56996602,https://stackoverflow.com/questions/56996602/what-is-the-difference-between-ignite-and-gvisor-in-terms-of-their-use-case,1. Runtime Compatibility,What is the difference between Ignite and gVisor in terms of their use-case?
50143367,https://stackoverflow.com/questions/50143367/kata-containers-vs-gvisor,1. Runtime Compatibility,Kata Containers vs gVisor?
74230580,https://stackoverflow.com/questions/74230580/need-to-know-the-exact-differences-between-the-docker-rocket-and-crio,1. Runtime Compatibility,"Need to know the exact differences between the docker, rocket and CRIO"